{
    "config": "configs/mobilenet_v2/pspnet_m-v2-d8_512x512_160k_ade20k.py",
    "metric": {
        "aAcc": 0.7341,
        "mIoU": 0.2957,
        "mAcc": 0.4501,
        "IoU.wall": 0.6568000030517578,
        "IoU.building": 0.7629000091552735,
        "IoU.sky": 0.9048000335693359,
        "IoU.floor": 0.6902999877929688,
        "IoU.tree": 0.6659999847412109,
        "IoU.ceiling": 0.7126000213623047,
        "IoU.road": 0.750999984741211,
        "IoU.bed ": 0.7983999633789063,
        "IoU.windowpane": 0.4983000183105469,
        "IoU.grass": 0.5584000015258789,
        "IoU.cabinet": 0.47759998321533204,
        "IoU.sidewalk": 0.5618999862670898,
        "IoU.person": 0.6356000137329102,
        "IoU.earth": 0.28170000076293944,
        "IoU.door": 0.28219999313354494,
        "IoU.table": 0.42509998321533204,
        "IoU.mountain": 0.4406999969482422,
        "IoU.plant": 0.36639999389648437,
        "IoU.curtain": 0.585,
        "IoU.chair": 0.4193000030517578,
        "IoU.car": 0.7530000305175781,
        "IoU.water": 0.3738000106811523,
        "IoU.painting": 0.5588999938964844,
        "IoU.sofa": 0.5247000122070312,
        "IoU.shelf": 0.3054999923706055,
        "IoU.house": 0.4336999893188477,
        "IoU.sea": 0.43470001220703125,
        "IoU.mirror": 0.4222999954223633,
        "IoU.rug": 0.42279998779296873,
        "IoU.field": 0.22100000381469725,
        "IoU.armchair": 0.2502000045776367,
        "IoU.seat": 0.42139999389648436,
        "IoU.fence": 0.27290000915527346,
        "IoU.desk": 0.31,
        "IoU.rock": 0.32790000915527345,
        "IoU.wardrobe": 0.320099983215332,
        "IoU.lamp": 0.4515999984741211,
        "IoU.bathtub": 0.48450000762939455,
        "IoU.railing": 0.20020000457763673,
        "IoU.cushion": 0.3629999923706055,
        "IoU.base": 0.16440000534057617,
        "IoU.box": 0.09819999694824219,
        "IoU.column": 0.2834000015258789,
        "IoU.signboard": 0.25299999237060544,
        "IoU.chest of drawers": 0.3089999961853027,
        "IoU.counter": 0.24190000534057618,
        "IoU.sand": 0.19559999465942382,
        "IoU.sink": 0.49380001068115237,
        "IoU.skyscraper": 0.48520000457763673,
        "IoU.fireplace": 0.462599983215332,
        "IoU.refrigerator": 0.4872999954223633,
        "IoU.grandstand": 0.2206999969482422,
        "IoU.path": 0.20659999847412108,
        "IoU.stairs": 0.1634000015258789,
        "IoU.runway": 0.5290999984741211,
        "IoU.case": 0.3121999931335449,
        "IoU.pool table": 0.28420000076293944,
        "IoU.pillow": 0.4184000015258789,
        "IoU.screen door": 0.3752000045776367,
        "IoU.stairway": 0.2511000061035156,
        "IoU.river": 0.07989999771118164,
        "IoU.bridge": 0.23290000915527342,
        "IoU.bookcase": 0.2694000053405762,
        "IoU.blind": 0.16690000534057617,
        "IoU.coffee table": 0.41200000762939454,
        "IoU.toilet": 0.6395999908447265,
        "IoU.flower": 0.16559999465942382,
        "IoU.book": 0.33619998931884765,
        "IoU.hill": 0.049200000762939455,
        "IoU.bench": 0.27780000686645506,
        "IoU.countertop": 0.43189998626708986,
        "IoU.stove": 0.5252000045776367,
        "IoU.palm": 0.32729999542236327,
        "IoU.kitchen island": 0.2443000030517578,
        "IoU.computer": 0.29649999618530276,
        "IoU.swivel chair": 0.3397000122070313,
        "IoU.boat": 0.115,
        "IoU.bar": 0.22100000381469725,
        "IoU.arcade machine": 0.34869998931884766,
        "IoU.hovel": 0.268799991607666,
        "IoU.bus": 0.49770000457763675,
        "IoU.towel": 0.315,
        "IoU.light": 0.25190000534057616,
        "IoU.truck": 0.07579999923706054,
        "IoU.tower": 0.42220001220703124,
        "IoU.chandelier": 0.5025999832153321,
        "IoU.awning": 0.08680000305175781,
        "IoU.streetlight": 0.09220000267028809,
        "IoU.booth": 0.266200008392334,
        "IoU.television receiver": 0.4793000030517578,
        "IoU.airplane": 0.2514999961853027,
        "IoU.dirt track": 0.0,
        "IoU.apparel": 0.03869999885559082,
        "IoU.pole": 0.08229999542236328,
        "IoU.land": 0.0011999999731779098,
        "IoU.bannister": 0.013400000333786011,
        "IoU.escalator": 0.22430000305175782,
        "IoU.ottoman": 0.22370000839233398,
        "IoU.bottle": 0.048000001907348634,
        "IoU.buffet": 0.34549999237060547,
        "IoU.poster": 0.029700000286102295,
        "IoU.stage": 0.022100000381469725,
        "IoU.van": 0.30620000839233397,
        "IoU.ship": 0.32060001373291014,
        "IoU.fountain": 0.06179999828338623,
        "IoU.conveyer belt": 0.3290999984741211,
        "IoU.canopy": 0.13850000381469726,
        "IoU.washer": 0.39930000305175783,
        "IoU.plaything": 0.120600004196167,
        "IoU.swimming pool": 0.18270000457763672,
        "IoU.stool": 0.0453000020980835,
        "IoU.barrel": 0.27790000915527346,
        "IoU.basket": 0.04210000038146973,
        "IoU.waterfall": 0.2847999954223633,
        "IoU.tent": 0.5991999816894531,
        "IoU.bag": 0.003100000023841858,
        "IoU.minibike": 0.38979999542236327,
        "IoU.cradle": 0.5020000076293946,
        "IoU.oven": 0.13890000343322753,
        "IoU.ball": 0.2894000053405762,
        "IoU.food": 0.36020000457763673,
        "IoU.step": 0.0,
        "IoU.tank": 0.22739999771118163,
        "IoU.trade name": 0.144399995803833,
        "IoU.microwave": 0.30290000915527343,
        "IoU.pot": 0.22,
        "IoU.animal": 0.16649999618530273,
        "IoU.bicycle": 0.2725,
        "IoU.lake": 0.0,
        "IoU.dishwasher": 0.25059999465942384,
        "IoU.screen": 0.3840000152587891,
        "IoU.blanket": 0.0,
        "IoU.sculpture": 0.165,
        "IoU.hood": 0.3046999931335449,
        "IoU.sconce": 0.05159999847412109,
        "IoU.vase": 0.19190000534057616,
        "IoU.traffic light": 0.006100000143051148,
        "IoU.tray": 0.011299999952316285,
        "IoU.ashcan": 0.14229999542236327,
        "IoU.fan": 0.2642000007629395,
        "IoU.pier": 0.0044999998807907105,
        "IoU.crt screen": 9.999999776482581e-05,
        "IoU.plate": 0.28670000076293944,
        "IoU.monitor": 0.05380000114440918,
        "IoU.bulletin board": 0.3265000152587891,
        "IoU.shower": 0.0,
        "IoU.radiator": 0.16639999389648438,
        "IoU.glass": 0.004000000059604645,
        "IoU.clock": 0.032899999618530275,
        "IoU.flag": 0.0,
        "Acc.wall": 0.8148999786376954,
        "Acc.building": 0.8658000183105469,
        "Acc.sky": 0.9408000183105468,
        "Acc.floor": 0.8012999725341797,
        "Acc.tree": 0.8108999633789062,
        "Acc.ceiling": 0.7854000091552734,
        "Acc.road": 0.8294000244140625,
        "Acc.bed ": 0.9106999969482422,
        "Acc.windowpane": 0.683499984741211,
        "Acc.grass": 0.6630000305175782,
        "Acc.cabinet": 0.5938000106811523,
        "Acc.sidewalk": 0.7454000091552735,
        "Acc.person": 0.7766999816894531,
        "Acc.earth": 0.4418000030517578,
        "Acc.door": 0.35470001220703123,
        "Acc.table": 0.5618000030517578,
        "Acc.mountain": 0.535099983215332,
        "Acc.plant": 0.43279998779296874,
        "Acc.curtain": 0.7266000366210937,
        "Acc.chair": 0.5479999923706055,
        "Acc.car": 0.8437999725341797,
        "Acc.water": 0.5790000152587891,
        "Acc.painting": 0.7352999877929688,
        "Acc.sofa": 0.7619999694824219,
        "Acc.shelf": 0.5027999877929688,
        "Acc.house": 0.6912999725341797,
        "Acc.sea": 0.6275999832153321,
        "Acc.mirror": 0.4983000183105469,
        "Acc.rug": 0.5015000152587891,
        "Acc.field": 0.4879999923706055,
        "Acc.armchair": 0.37490001678466794,
        "Acc.seat": 0.6648000335693359,
        "Acc.fence": 0.40439998626708984,
        "Acc.desk": 0.539000015258789,
        "Acc.rock": 0.5752000045776368,
        "Acc.wardrobe": 0.6286000061035156,
        "Acc.lamp": 0.6011000061035157,